sequence_id,sequence,degeneracy,length,energy,shape_mapping,path
7067162573255317611,HPPHHPPPHPPHHHHH,2,16,-7,ŷ021m041l041l041l021Ń0,"0,0 0,1 1,1 1,0 2,0 3,0 3,-1 3,-2 2,-2 2,-3 1,-3 1,-2 0,-2 0,-1 1,-1 2,-1 "
-3577048944469922748,HPPHHPPPHHPPHHHH,2,16,-7,Ÿ021l041l041l041n021Ł0,"0,0 0,1 -1,1 -1,0 -2,0 -3,0 -3,-1 -3,-2 -2,-2 -1,-2 -1,-3 0,-3 0,-2 0,-1 -1,-1 -2,-1 "
8676076831259488131,HPPHHPPPHHPPHHHH,2,16,-7,Ŷ021n041l041l041l021Ń0,"0,0 0,1 1,1 1,0 2,0 3,0 3,-1 3,-2 2,-2 1,-2 1,-3 0,-3 0,-2 0,-1 1,-1 2,-1 "
-1120991508103130634,HPPHHPPPHHPHPHPH,2,16,-6,Ə021m041l051m031m021ĩ0,"0,0 0,1 -1,1 -1,0 -1,-1 -2,-1 -3,-1 -3,-2 -2,-2 -2,-3 -1,-3 -1,-2 0,-2 0,-1 1,-1 1,0 "
-7693263806366235431,HPPHHPPPHHPHPHPH,2,16,-6,Ƒ021m041k051k031n021ĩ0,"0,0 0,1 1,1 1,0 1,-1 2,-1 3,-1 3,-2 2,-2 2,-3 1,-3 1,-2 0,-2 0,-1 -1,-1 -1,0 "
7350213959807613979,HPPHHPPPHHHPPHHH,2,16,-7,Ə051k051k041n021Ł0,"0,0 0,1 -1,1 -1,0 -2,0 -3,0 -3,-1 -3,-2 -2,-2 -1,-2 0,-2 1,-2 1,-1 0,-1 -1,-1 -2,-1 "
4066333737106450509,HPPHHPPPHHHPPHHH,2,16,-7,Ǝ051k051l041l021Ń0,"0,0 0,1 1,1 1,0 2,0 3,0 3,-1 3,-2 2,-2 1,-2 0,-2 -1,-2 -1,-1 0,-1 1,-1 2,-1 "
7472882697487089159,HPPHHPPHPPPPPHHP,2,16,-5,Ɛ031m031l041l041n021Ĩ0,"0,0 0,1 -1,1 -1,0 -2,0 -3,0 -3,-1 -2,-1 -2,-2 -2,-3 -1,-3 0,-3 0,-2 0,-1 -1,-1 -1,-2 "
623578569957969724,HPPHHPPHPPPPPHHP,2,16,-5,Ə031m031m041l041l021Ī0,"0,0 0,1 1,1 1,0 2,0 3,0 3,-1 2,-1 2,-2 2,-3 1,-3 0,-3 0,-2 0,-1 1,-1 1,-2 "
4553546165942176576,HPPHHPPHPPPPHPPH,2,16,-6,ŷ021n021m041l041m021n021ĩ0,"0,0 0,1 1,1 1,0 1,-1 2,-1 2,-2 1,-2 1,-3 1,-4 0,-4 0,-3 0,-2 -1,-2 -1,-1 0,-1 "
1518778739547624414,HPPHHPPHPPPHPPPH,2,16,-5,ŷ021m031m051l041l021ł0,"0,0 0,1 -1,1 -1,0 -1,-1 -2,-1 -2,-2 -1,-2 -1,-3 0,-3 0,-2 0,-1 1,-1 2,-1 2,0 1,0 "
-4616596834147761970,HPPHHPPHPPPHPPPH,2,16,-5,ŷ021n031k051k041n021ł0,"0,0 0,1 1,1 1,0 1,-1 2,-1 2,-2 1,-2 1,-3 0,-3 0,-2 0,-1 -1,-1 -2,-1 -2,0 -1,0 "
1054399489870078650,HPPHHPPHPPPHHHHH,2,16,-7,Ɛ031l041l041m031m021ĩ0,"0,0 0,1 -1,1 -1,0 -1,-1 -2,-1 -2,-2 -1,-2 -1,-3 0,-3 1,-3 1,-2 0,-2 0,-1 1,-1 1,0 "
-5692205862291871985,HPPHHPPHPPPHHHHH,2,16,-7,Ə031m041l041l031n021ĩ0,"0,0 0,1 1,1 1,0 1,-1 2,-1 2,-2 1,-2 1,-3 0,-3 -1,-3 -1,-2 0,-2 0,-1 -1,-1 -1,0 "
6769466174579131300,HPPHHPPHPPHPPPPH,2,16,-6,Ɛ021m051k051l021n021ĩ0,"0,0 0,1 -1,1 -1,0 -1,-1 -2,-1 -2,-2 -1,-2 -1,-3 0,-3 0,-2 1,-2 2,-2 2,-1 1,-1 0,-1 "
7408526939834707227,HPPHHPPHPPHPPPPH,2,16,-6,Ɛ021l051k051m021n021ĩ0,"0,0 0,1 1,1 1,0 1,-1 2,-1 2,-2 1,-2 1,-3 0,-3 0,-2 -1,-2 -2,-2 -2,-1 -1,-1 0,-1 "
5172882733816604920,HPPHHPPHPPHPPHHH,2,16,-7,Ə021m051k051l041Ł0,"0,0 0,1 -1,1 -1,0 -2,0 -2,1 -3,1 -3,0 -4,0 -4,-1 -3,-1 -3,-2 -2,-2 -2,-1 -1,-1 0,-1 "
3494543943400299716,HPPHHPPHPPHPPHHH,2,16,-7,Ƒ021l051k051k041Ł0,"0,0 0,1 1,1 1,0 2,0 2,1 3,1 3,0 4,0 4,-1 3,-1 3,-2 2,-2 2,-1 1,-1 0,-1 "
-79705813907525028,HPPHHPPHPHPPHPHH,2,16,-7,Ÿ021m031l041l031n021n021ĩ0,"0,0 0,1 -1,1 -1,0 -1,-1 -2,-1 -2,-2 -1,-2 -1,-3 0,-3 0,-4 1,-4 1,-3 1,-2 0,-2 0,-1 "
-8341363076209627265,HPPHHPPHPHPPHPHH,2,16,-7,Ŷ021n031m041m031m021n021ĩ0,"0,0 0,1 1,1 1,0 1,-1 2,-1 2,-2 1,-2 1,-3 0,-3 0,-4 -1,-4 -1,-3 -1,-2 0,-2 0,-1 "
-5015394734071745539,HPPHHPPHPHPHPHHH,2,16,-7,Ǝ051k051l041l021Ń0,"0,0 0,1 -1,1 -1,0 -1,-1 -2,-1 -2,-2 -1,-2 0,-2 1,-2 2,-2 2,-1 2,0 1,0 1,-1 0,-1 "
3048763415960839642,HPPHHPPHPHPHPHHH,2,16,-7,Ə051k051k041n021Ł0,"0,0 0,1 1,1 1,0 1,-1 2,-1 2,-2 1,-2 0,-2 -1,-2 -2,-2 -2,-1 -2,0 -1,0 -1,-1 0,-1 "
-2617156743155686419,HPPHHPPHPHPHHPHH,2,16,-7,Ÿ021m031l041l031n021n021ĩ0,"0,0 0,1 -1,1 -1,0 -1,-1 -2,-1 -2,-2 -1,-2 -1,-3 0,-3 0,-4 1,-4 1,-3 1,-2 0,-2 0,-1 "
-6216303527570332126,HPPHHPPHPHPHHPHH,2,16,-7,Ŷ021n031m041m031m021n021ĩ0,"0,0 0,1 1,1 1,0 1,-1 2,-1 2,-2 1,-2 1,-3 0,-3 0,-4 -1,-4 -1,-3 -1,-2 0,-2 0,-1 "
-716561897807719074,HPPHHPPHPHPHHHHH,2,16,-8,Ɛ031l041l041m031m021ĩ0,"0,0 0,1 -1,1 -1,0 -1,-1 -2,-1 -2,-2 -1,-2 -1,-3 0,-3 1,-3 1,-2 0,-2 0,-1 1,-1 1,0 "
3452169480502913668,HPPHHPPHPHPHHHHH,2,16,-8,Ə031m041l041l031n021ĩ0,"0,0 0,1 1,1 1,0 1,-1 2,-1 2,-2 1,-2 1,-3 0,-3 -1,-3 -1,-2 0,-2 0,-1 -1,-1 -1,0 "
-2737814480901547804,HPPHHPPHPHHHPPHP,2,16,-7,Ÿ011m041k051k041n021ł0,"0,0 0,1 -1,1 -1,0 -2,0 -3,0 -3,-1 -2,-1 -2,-2 -1,-2 -1,-1 0,-1 1,-1 1,-2 0,-2 0,-3 "
4835825077652709217,HPPHHPPHPHHHPPHP,2,16,-7,ŷ011n041l051l041l021ł0,"0,0 0,1 1,1 1,0 2,0 3,0 3,-1 2,-1 2,-2 1,-2 1,-1 0,-1 -1,-1 -1,-2 0,-2 0,-3 "
-6209779387872677521,HPPHHPPHPHHHHPHH,2,16,-8,Ə041k051k051m021ł0,"0,0 0,1 -1,1 -1,0 -2,0 -3,0 -3,-1 -2,-1 -2,-2 -1,-2 -1,-1 0,-1 0,-2 1,-2 1,-1 1,0 "
5958091884880779704,HPPHHPPHPHHHHPHH,2,16,-8,Ə041l051k051l021ł0,"0,0 0,1 1,1 1,0 2,0 3,0 3,-1 2,-1 2,-2 1,-2 1,-1 0,-1 0,-2 -1,-2 -1,-1 -1,0 "
5994913760495308607,HPPHHPPHHPHHPHHH,2,16,-8,Ə041l041l041l041Ł0,"0,0 0,1 1,1 1,0 2,0 2,1 3,1 3,0 3,-1 3,-2 2,-2 1,-2 0,-2 0,-1 1,-1 2,-1 "
-7178910478077022778,HPPHHPPHHHPPPHHH,2,16,-7,Ǝ051k051l041l021Ń0,"0,0 0,1 -1,1 -1,0 -1,-1 -2,-1 -2,-2 -1,-2 0,-2 1,-2 2,-2 2,-1 2,0 1,0 1,-1 0,-1 "
-5382458361316081940,HPPHHPPHHHPPPHHH,2,16,-7,Ə051k051k041n021Ł0,"0,0 0,1 1,1 1,0 1,-1 2,-1 2,-2 1,-2 0,-2 -1,-2 -2,-2 -2,-1 -2,0 -1,0 -1,-1 0,-1 "
-4709884634295302298,HPPHHPPHHHPHPPHP,2,16,-7,ŷ021m041l041l041n021Ł0,"0,0 0,1 -1,1 -1,0 -2,0 -3,0 -3,-1 -2,-1 -1,-1 0,-1 0,-2 -1,-2 -1,-3 -2,-3 -2,-2 -3,-2 "
-5803089746261823360,HPPHHPPHHHPHPPHP,2,16,-7,ŷ021m041l041l041l021Ń0,"0,0 0,1 1,1 1,0 2,0 3,0 3,-1 2,-1 1,-1 0,-1 0,-2 1,-2 1,-3 2,-3 2,-2 3,-2 "
-8718114227837559455,HPPHHPPHHHPHPHHH,2,16,-8,Ǝ051k051l041l021Ń0,"0,0 0,1 -1,1 -1,0 -1,-1 -2,-1 -2,-2 -1,-2 0,-2 1,-2 2,-2 2,-1 2,0 1,0 1,-1 0,-1 "
7923209356670167421,HPPHHPPHHHPHPHHH,2,16,-8,Ə051k051k041n021Ł0,"0,0 0,1 1,1 1,0 1,-1 2,-1 2,-2 1,-2 0,-2 -1,-2 -2,-2 -2,-1 -2,0 -1,0 -1,-1 0,-1 "
-172246156856437229,HPPHHPHPPPHPPPPH,2,16,-5,Ɛ021n041k051k031n021ĩ0,"0,0 0,1 -1,1 -1,0 -2,0 -2,-1 -1,-1 -1,-2 -1,-3 0,-3 0,-2 1,-2 2,-2 2,-1 1,-1 0,-1 "
7992410974339203994,HPPHHPHPPPHPPPPH,2,16,-5,Ɛ021l041l051m031m021ĩ0,"0,0 0,1 1,1 1,0 2,0 2,-1 1,-1 1,-2 1,-3 0,-3 0,-2 -1,-2 -2,-2 -2,-1 -1,-1 0,-1 "
3139886839703716167,HPPHHPHPPHPPPHHH,2,16,-7,ŷ021m041l041l041l021Ń0,"0,0 0,1 -1,1 -1,0 -1,-1 -1,-2 0,-2 0,-3 1,-3 1,-2 2,-2 2,-1 2,0 1,0 1,-1 0,-1 "
-8028563686697828175,HPPHHPHPPHPPPHHH,2,16,-7,ŷ021m041l041l041n021Ł0,"0,0 0,1 1,1 1,0 1,-1 1,-2 0,-2 0,-3 -1,-3 -1,-2 -2,-2 -2,-1 -2,0 -1,0 -1,-1 0,-1 "
134740701625502026,HPPHHPHPPHPPHHPH,2,16,-7,ŷ021m031m041m031n021n021Ĩ0,"0,0 0,1 -1,1 -1,0 -1,-1 -2,-1 -2,-2 -3,-2 -3,-3 -2,-3 -2,-4 -1,-4 -1,-3 -1,-2 0,-2 0,-1 "
7428256019889273200,HPPHHPHPPHPPHHPH,2,16,-7,ŷ021n031l041l031m021n021Ī0,"0,0 0,1 1,1 1,0 1,-1 2,-1 2,-2 3,-2 3,-3 2,-3 2,-4 1,-4 1,-3 1,-2 0,-2 0,-1 "
-6248500825065850626,HPPHHPHPPHPHPHPH,2,16,-7,Ǝ031m041m041m031m021ĩ0,"0,0 0,1 -1,1 -1,0 -1,-1 -2,-1 -2,-2 -3,-2 -3,-3 -2,-3 -1,-3 -1,-2 0,-2 0,-1 1,-1 1,0 "
-5315632370289105808,HPPHHPHPPHPHPHPH,2,16,-7,Ƒ031l041k041l031n021ĩ0,"0,0 0,1 1,1 1,0 1,-1 2,-1 2,-2 3,-2 3,-3 2,-3 1,-3 1,-2 0,-2 0,-1 -1,-1 -1,0 "
4215727518889142923,HPPHHPHPPHPHPHHH,2,16,-8,ŷ021m041l041l041l021Ń0,"0,0 0,1 -1,1 -1,0 -1,-1 -1,-2 0,-2 0,-3 1,-3 1,-2 2,-2 2,-1 2,0 1,0 1,-1 0,-1 "
2139287596611714559,HPPHHPHPPHPHPHHH,2,16,-8,ŷ021m041l041l041n021Ł0,"0,0 0,1 1,1 1,0 1,-1 1,-2 0,-2 0,-3 -1,-3 -1,-2 -2,-2 -2,-1 -2,0 -1,0 -1,-1 0,-1 "
2472883599383043768,HPPHHPHPPHPHHHHH,2,16,-8,ŷ021m041l041l041l021Ń0,"0,0 0,1 -1,1 -1,0 -1,-1 -1,-2 0,-2 0,-3 1,-3 1,-2 2,-2 2,-1 2,0 1,0 1,-1 0,-1 "
-4359985897331252144,HPPHHPHPPHPHHHHH,2,16,-8,ŷ021m041l041l041n021Ł0,"0,0 0,1 1,1 1,0 1,-1 1,-2 0,-2 0,-3 -1,-3 -1,-2 -2,-2 -2,-1 -2,0 -1,0 -1,-1 0,-1 "
-6774790980702994900,HPPHHPHPHPPHPPPH,2,16,-6,Ƒ021m041k051k031n021ĩ0,"0,0 0,1 -1,1 -1,0 -2,0 -2,-1 -1,-1 -1,-2 0,-2 0,-3 1,-3 1,-2 2,-2 2,-1 1,-1 0,-1 "
4953429725655681663,HPPHHPHPHPPHPPPH,2,16,-6,Ə021m041l051m031m021ĩ0,"0,0 0,1 1,1 1,0 2,0 2,-1 1,-1 1,-2 0,-2 0,-3 -1,-3 -1,-2 -2,-2 -2,-1 -1,-1 0,-1 "
6312417989290861012,HPPHHPHPHPPHPHPH,2,16,-7,Ÿ021m031l041l031m021n021Ī0,"0,0 0,1 -1,1 -1,0 -1,-1 -1,-2 0,-2 0,-3 1,-3 1,-4 2,-4 2,-3 2,-2 1,-2 1,-1 0,-1 "
-2827986720817174218,HPPHHPHPHPPHPHPH,2,16,-7,Ŷ021n031m041m031n021n021Ĩ0,"0,0 0,1 1,1 1,0 1,-1 1,-2 0,-2 0,-3 -1,-3 -1,-4 -2,-4 -2,-3 -2,-2 -1,-2 -1,-1 0,-1 "
8488971178565096353,HPPHHPHPHPPHPHHH,2,16,-8,ŷ021m041l041l041n021Ł0,"0,0 0,1 -1,1 -1,0 -2,0 -3,0 -3,-1 -3,-2 -2,-2 -2,-3 -1,-3 -1,-2 0,-2 0,-1 -1,-1 -2,-1 "
844726795267368268,HPPHHPHPHPPHPHHH,2,16,-8,ŷ021m041l041l041l021Ń0,"0,0 0,1 1,1 1,0 2,0 3,0 3,-1 3,-2 2,-2 2,-3 1,-3 1,-2 0,-2 0,-1 1,-1 2,-1 "
7575298318737323458,HPPHHPHPHPPHHHPH,2,16,-7,Ÿ021m031l041l031m021n021Ī0,"0,0 0,1 -1,1 -1,0 -1,-1 -1,-2 0,-2 0,-3 1,-3 1,-4 2,-4 2,-3 2,-2 1,-2 1,-1 0,-1 "
-2345395487826333393,HPPHHPHPHPPHHHPH,2,16,-7,Ŷ021n031m041m031n021n021Ĩ0,"0,0 0,1 1,1 1,0 1,-1 1,-2 0,-2 0,-3 -1,-3 -1,-4 -2,-4 -2,-3 -2,-2 -1,-2 -1,-1 0,-1 "
7171963352790767720,HPPHHPHPHPPHHHHH,2,16,-8,ŷ021m041l041l041n021Ł0,"0,0 0,1 -1,1 -1,0 -2,0 -3,0 -3,-1 -3,-2 -2,-2 -2,-3 -1,-3 -1,-2 0,-2 0,-1 -1,-1 -2,-1 "
63316929104463288,HPPHHPHPHPPHHHHH,2,16,-8,ŷ021m041l041l041l021Ń0,"0,0 0,1 1,1 1,0 2,0 3,0 3,-1 3,-2 2,-2 2,-3 1,-3 1,-2 0,-2 0,-1 1,-1 2,-1 "
9180932335405139823,HPPHHPHPHPHPPHPH,2,16,-7,Ƒ031l041k041l031n021ĩ0,"0,0 0,1 -1,1 -1,0 -2,0 -2,-1 -1,-1 -1,-2 0,-2 0,-3 1,-3 2,-3 2,-2 1,-2 1,-1 0,-1 "
7717318615658655598,HPPHHPHPHPHPPHPH,2,16,-7,Ǝ031m041m041m031m021ĩ0,"0,0 0,1 1,1 1,0 2,0 2,-1 1,-1 1,-2 0,-2 0,-3 -1,-3 -2,-3 -2,-2 -1,-2 -1,-1 0,-1 "
-7083920377231993224,HPPHHPHPHPHPHHPH,2,16,-7,Ƒ031l041k041l031n021ĩ0,"0,0 0,1 -1,1 -1,0 -2,0 -2,-1 -1,-1 -1,-2 0,-2 0,-3 1,-3 2,-3 2,-2 1,-2 1,-1 0,-1 "
-3141669119702511404,HPPHHPHPHPHPHHPH,2,16,-7,Ǝ031m041m041m031m021ĩ0,"0,0 0,1 1,1 1,0 2,0 2,-1 1,-1 1,-2 0,-2 0,-3 -1,-3 -2,-3 -2,-2 -1,-2 -1,-1 0,-1 "
-7304810836024074866,HPPHHPHPHPHHPPPH,2,16,-6,Ƒ021m041k051k031n021ĩ0,"0,0 0,1 -1,1 -1,0 -2,0 -2,-1 -1,-1 -1,-2 0,-2 0,-3 1,-3 1,-2 2,-2 2,-1 1,-1 0,-1 "
-5630348926352164720,HPPHHPHPHPHHPPPH,2,16,-6,Ə021m041l051m031m021ĩ0,"0,0 0,1 1,1 1,0 2,0 2,-1 1,-1 1,-2 0,-2 0,-3 -1,-3 -1,-2 -2,-2 -2,-1 -1,-1 0,-1 "
2898385952276851988,HPPHHPHPHPHHPHHH,2,16,-8,ŷ021m041l041l041n021Ł0,"0,0 0,1 -1,1 -1,0 -2,0 -3,0 -3,-1 -3,-2 -2,-2 -2,-3 -1,-3 -1,-2 0,-2 0,-1 -1,-1 -2,-1 "
-4009542671635646536,HPPHHPHPHPHHPHHH,2,16,-8,ŷ021m041l041l041l021Ń0,"0,0 0,1 1,1 1,0 2,0 3,0 3,-1 3,-2 2,-2 2,-3 1,-3 1,-2 0,-2 0,-1 1,-1 2,-1 "
-4596390435296582118,HPPHHPHPHPHHHHHH,2,16,-8,ŷ021m041l041l041n021Ł0,"0,0 0,1 -1,1 -1,0 -2,0 -3,0 -3,-1 -3,-2 -2,-2 -2,-3 -1,-3 -1,-2 0,-2 0,-1 -1,-1 -2,-1 "
-1677357696429448756,HPPHHPHPHPHHHHHH,2,16,-8,ŷ021m041l041l041l021Ń0,"0,0 0,1 1,1 1,0 2,0 3,0 3,-1 3,-2 2,-2 2,-3 1,-3 1,-2 0,-2 0,-1 1,-1 2,-1 "
-9118532259515646477,HPPHHPHPHHPPHHHH,2,16,-8,Ÿ021l041l041l041n021Ł0,"0,0 0,1 -1,1 -1,0 -2,0 -3,0 -3,-1 -3,-2 -2,-2 -1,-2 -1,-3 0,-3 0,-2 0,-1 -1,-1 -2,-1 "
1904086038712950883,HPPHHPHPHHPPHHHH,2,16,-8,Ŷ021n041l041l041l021Ń0,"0,0 0,1 1,1 1,0 2,0 3,0 3,-1 3,-2 2,-2 1,-2 1,-3 0,-3 0,-2 0,-1 1,-1 2,-1 "
-1871803913332448148,HPPHHPHPHHHPPHHH,2,16,-8,Ə051k051k041n021Ł0,"0,0 0,1 -1,1 -1,0 -2,0 -3,0 -3,-1 -3,-2 -2,-2 -1,-2 0,-2 1,-2 1,-1 0,-1 -1,-1 -2,-1 "
-2869102860627111371,HPPHHPHPHHHPPHHH,2,16,-8,Ǝ051k051l041l021Ń0,"0,0 0,1 1,1 1,0 2,0 3,0 3,-1 3,-2 2,-2 1,-2 0,-2 -1,-2 -1,-1 0,-1 1,-1 2,-1 "
-2476412059952267495,HPPHHPHHPPPPPHHP,2,16,-5,Ɛ031m031l041l041n021Ĩ0,"0,0 0,1 -1,1 -1,0 -2,0 -3,0 -3,-1 -2,-1 -2,-2 -2,-3 -1,-3 0,-3 0,-2 0,-1 -1,-1 -1,-2 "
770527629758819404,HPPHHPHHPPPPPHHP,2,16,-5,Ə031m031m041l041l021Ī0,"0,0 0,1 1,1 1,0 2,0 3,0 3,-1 2,-1 2,-2 2,-3 1,-3 0,-3 0,-2 0,-1 1,-1 1,-2 "
-2295345680436313088,HPPHHPHHPPHPPHPH,2,16,-7,ŷ021n031l041l031m021n021Ī0,"0,0 0,1 -1,1 -1,0 -1,-1 -1,-2 0,-2 0,-3 0,-4 1,-4 1,-3 2,-3 2,-2 1,-2 1,-1 0,-1 "
-1915266493949772710,HPPHHPHHPPHPPHPH,2,16,-7,ŷ021m031m041m031n021n021Ĩ0,"0,0 0,1 1,1 1,0 1,-1 1,-2 0,-2 0,-3 0,-4 -1,-4 -1,-3 -2,-3 -2,-2 -1,-2 -1,-1 0,-1 "
-5138584659204612215,HPPHHPHHPHPPHPPH,2,16,-7,ŷ021n031l041l031m021n021Ī0,"0,0 0,1 -1,1 -1,0 -1,-1 -1,-2 0,-2 0,-1 1,-1 1,-2 2,-2 2,-3 1,-3 1,-4 0,-4 0,-3 "
-4570099528664932117,HPPHHPHHPHPPHPPH,2,16,-7,ŷ021m031m041m031n021n021Ĩ0,"0,0 0,1 1,1 1,0 1,-1 1,-2 0,-2 0,-1 -1,-1 -1,-2 -2,-2 -2,-3 -1,-3 -1,-4 0,-4 0,-3 "
-8943438629059289558,HPPHHPHHPHPPHHHH,2,16,-8,Ə041l051k051k021Ń0,"0,0 0,1 -1,1 -1,0 -1,-1 -1,-2 0,-2 1,-2 2,-2 2,-1 3,-1 3,0 2,0 1,0 1,-1 0,-1 "
-7693052843149975801,HPPHHPHHPHPPHHHH,2,16,-8,Ə041k051k051n021Ł0,"0,0 0,1 1,1 1,0 1,-1 1,-2 0,-2 -1,-2 -2,-2 -2,-1 -3,-1 -3,0 -2,0 -1,0 -1,-1 0,-1 "
2062772664296466590,HPPHHPHHPHPHPHPH,2,16,-7,Ǝ031m041m041m031m021ĩ0,"0,0 0,1 -1,1 -1,0 -1,-1 -2,-1 -2,-2 -3,-2 -3,-3 -2,-3 -1,-3 -1,-2 0,-2 0,-1 1,-1 1,0 "
-8062044558284751563,HPPHHPHHPHPHPHPH,2,16,-7,Ƒ031l041k041l031n021ĩ0,"0,0 0,1 1,1 1,0 1,-1 2,-1 2,-2 3,-2 3,-3 2,-3 1,-3 1,-2 0,-2 0,-1 -1,-1 -1,0 "
-4988625817335407148,HPPHHPHHPHPHPHHH,2,16,-8,ŷ021m041l041l041l021Ń0,"0,0 0,1 -1,1 -1,0 -1,-1 -1,-2 0,-2 0,-3 1,-3 1,-2 2,-2 2,-1 2,0 1,0 1,-1 0,-1 "
642191278763136951,HPPHHPHHPHPHPHHH,2,16,-8,ŷ021m041l041l041n021Ł0,"0,0 0,1 1,1 1,0 1,-1 1,-2 0,-2 0,-3 -1,-3 -1,-2 -2,-2 -2,-1 -2,0 -1,0 -1,-1 0,-1 "
-7725749183677762163,HPPHHPHHPHHPPHHH,2,16,-8,Ə041l041l041l041Ł0,"0,0 0,1 1,1 1,0 1,-1 1,-2 0,-2 -1,-2 -2,-2 -2,-1 -2,0 -2,1 -1,1 -1,0 -1,-1 0,-1 "
-3173285288866259158,HPPHHPHHPHHHPPHP,2,16,-7,Ÿ011m041k051k041n021ł0,"0,0 0,1 -1,1 -1,0 -2,0 -3,0 -3,-1 -2,-1 -2,-2 -1,-2 -1,-1 0,-1 1,-1 1,-2 0,-2 0,-3 "
3233830367269498788,HPPHHPHHPHHHPPHP,2,16,-7,ŷ011n041l051l041l021ł0,"0,0 0,1 1,1 1,0 2,0 3,0 3,-1 2,-1 2,-2 1,-2 1,-1 0,-1 -1,-1 -1,-2 0,-2 0,-3 "
-7807565713855203124,HPPHHPHHPHHHHPHH,2,16,-8,Ə041k051k051m021ł0,"0,0 0,1 -1,1 -1,0 -2,0 -3,0 -3,-1 -2,-1 -2,-2 -1,-2 -1,-1 0,-1 0,-2 1,-2 1,-1 1,0 "
-7353459761099085552,HPPHHPHHPHHHHPHH,2,16,-8,Ə041l051k051l021ł0,"0,0 0,1 1,1 1,0 2,0 3,0 3,-1 2,-1 2,-2 1,-2 1,-1 0,-1 0,-2 -1,-2 -1,-1 -1,0 "
534456325486867822,HPPHHPHHHHPHPPHP,2,16,-7,ŷ021m041l041l041n021Ł0,"0,0 0,1 -1,1 -1,0 -2,0 -3,0 -3,-1 -2,-1 -1,-1 0,-1 0,-2 -1,-2 -1,-3 -2,-3 -2,-2 -3,-2 "
4573485468474488721,HPPHHPHHHHPHPPHP,2,16,-7,ŷ021m041l041l041l021Ń0,"0,0 0,1 1,1 1,0 2,0 3,0 3,-1 2,-1 1,-1 0,-1 0,-2 1,-2 1,-3 2,-3 2,-2 3,-2 "
-2440964319939369561,HPPHHPHHHHPHPHPH,2,16,-8,ŷ021m041l041l041l021Ń0,"0,0 0,1 -1,1 -1,0 -1,-1 -1,-2 0,-2 0,-1 1,-1 1,0 2,0 2,-1 2,-2 1,-2 1,-3 0,-3 "
1763448654952416711,HPPHHPHHHHPHPHPH,2,16,-8,ŷ021m041l041l041n021Ł0,"0,0 0,1 1,1 1,0 1,-1 1,-2 0,-2 0,-1 -1,-1 -1,0 -2,0 -2,-1 -2,-2 -1,-2 -1,-3 0,-3 "
5665255316323785859,HPPHHHPPPHPPPPHP,2,16,-5,Ɛ031k051k051m031Ł0,"0,0 0,1 -1,1 -1,0 -1,-1 0,-1 0,-2 -1,-2 -2,-2 -2,-1 -3,-1 -4,-1 -4,0 -3,0 -2,0 -2,1 "
794812749357301584,HPPHHHPPPHPPPPHP,2,16,-5,Ə031m051k051k031ł0,"0,0 0,1 1,1 1,0 1,-1 0,-1 0,-2 1,-2 2,-2 2,-1 3,-1 4,-1 4,0 3,0 2,0 2,1 "
1912656699896343380,HPPHHHPPPHPPPHPH,2,16,-5,Ɛ021l041l051m031m021ĩ0,"0,0 0,1 -1,1 -1,0 -1,-1 -2,-1 -3,-1 -3,-2 -2,-2 -1,-2 -1,-3 0,-3 0,-2 0,-1 1,-1 1,0 "
7434450756396258345,HPPHHHPPPHPPPHPH,2,16,-5,Ɛ021n041k051k031n021ĩ0,"0,0 0,1 1,1 1,0 1,-1 2,-1 3,-1 3,-2 2,-2 1,-2 1,-3 0,-3 0,-2 0,-1 -1,-1 -1,0 "
7276112549561573154,HPPHHHPPPHHHHPPH,2,16,-7,Ə031m031m041l041l021Ī0,"0,0 0,1 -1,1 -1,0 -1,-1 -1,-2 -1,-3 0,-3 1,-3 1,-2 0,-2 0,-1 1,-1 2,-1 2,0 1,0 "
6258237046281285714,HPPHHPPPHPPHHHHH,2,16,-7,ŷ021m041l041l041n021Ł0,"0,0 0,1 -1,1 -1,0 -2,0 -3,0 -3,-1 -3,-2 -2,-2 -2,-3 -1,-3 -1,-2 0,-2 0,-1 -1,-1 -2,-1 "