Wall time,Step,Value
1681317810.7178218,768,-0.010665694251656532
1681317813.85081,2432,-0.02178570069372654
1681317815.261937,3200,-0.021178599447011948
1681317819.0865731,5248,-0.02448810078203678
1681317819.5516238,5504,-0.05219047889113426
1681317820.267518,5888,-0.058523811399936676
1681317822.125898,6912,-0.017845239490270615
1681317822.8177469,7296,-0.005464289803057909
1681317826.4284742,9216,0.008773819543421268
1681317827.127937,9600,-0.011797609739005566
1681317832.199463,12160,-0.008738099597394466
1681317835.686471,13184,-0.0036904499866068363
1681317836.990447,13696,-0.013892830349504948
1681317843.3183181,16256,-0.034011900424957275
1681317846.574722,17920,-0.025202389806509018
1681317850.734082,19968,0.007285700179636478
1681317851.449546,20352,0.015738079324364662
1681317853.819691,21504,-0.0023690799716860056
1681317856.434581,22912,0.0013571400195360184
1681317857.611315,23552,-0.01425000000745058
1681317858.076884,23808,0.0035357100423425436
1681317858.348944,23936,0.017702380195260048
1681317859.5731158,24448,0.04515476152300835
1681317864.428629,26624,-0.009178579784929752
1681317870.232314,28672,0.019285719841718674
1681317872.329977,29440,-0.02188093028962612
1681317873.899006,30080,-0.06671424955129623
1681317879.147679,32000,-0.0184523593634367
1681317881.188239,32768,0.03698809817433357
1681317882.932987,33408,0.027607139199972153
1681317885.582494,34304,-0.00992858037352562
1681317887.160789,34816,-0.023678580299019814
1681317887.881491,35072,-0.017261909320950508
1681317894.4995809,37504,-0.007369049824774265
1681317899.729244,39552,-0.0065237898379564285
1681317900.372837,39808,0.01675000973045826
1681317903.634033,40832,-0.002285730093717575
1681317908.050147,42368,0.014809509739279747
1681317910.955513,43520,-0.005500040017068386
1681317913.266651,44544,0.00158330996055156
1681317918.023953,46592,0.0010119100334122777
1681317919.708839,47104,-0.010178569704294205
1681317936.9180841,54016,-0.017511919140815735
1681317937.222235,54144,-0.04840477928519249
1681317942.684727,56320,0.008988119661808014
1681317943.656349,56704,0.03567858040332794
1681317944.879833,57088,0.019357159733772278
1681317950.677187,59008,0.05655951052904129
1681317951.665022,59392,0.03248810023069382
1681317951.9706151,59520,0.01880953088402748
1681317955.151833,60800,-0.0059047602117061615
1681317960.426953,62976,-0.03849999979138374
1681317961.036312,63232,-0.027404749765992165
1681317967.535163,65920,0.003190479939803481
1681317968.435831,66304,-0.02798810973763466
1681317972.766419,68096,-0.005047630053013563
1681317974.2875688,68736,-0.01591668091714382
1681317977.571676,70144,-0.003428559983149171
1681317980.59821,71424,-0.05509522184729576
1681317982.424766,72192,-0.023107130080461502
1681317985.895007,73472,-0.0035238100681453943
1681317988.3971,74240,0.02301190048456192
1681317989.008537,74496,0.06505951285362244
1681317990.6371489,75136,0.05439284071326256
1681317990.964318,75264,0.04239283874630928
1681317995.390603,77184,0.0011429099831730127
1681318000.852963,79488,0.008988129906356335
1681318001.450389,79744,-0.004273789934813976
1681318005.104529,81280,-0.005642860196530819
1681318007.2855082,82176,-0.020714279264211655
1681318007.635971,82304,-0.013119040057063103
1681318008.236557,82560,-0.010107140056788921
1681318009.139421,82944,-0.01790476031601429
1681318009.7276008,83200,-0.020511889830231667
1681318013.2116969,84736,0.04908332973718643
1681318016.321839,86016,-0.017392879351973534
1681318019.998205,87552,-0.013773789629340172
1681318021.475452,88192,-0.004392830189317465
1681318029.601047,91520,0.015261909924447536
1681318030.815159,92032,0.025071419775485992
1681318031.9927812,92544,0.020619049668312073
1681318032.278862,92672,0.018750010058283806
1681318034.483027,93568,-0.011904760263860226
1681318037.910859,94720,-0.013928580097854137
1681318039.1129029,95232,-0.03859524056315422
1681318040.320815,95744,-0.03045237995684147
1681318041.969624,96384,-0.029000019654631615
1681318043.220278,96896,-0.024595269933342934
1681318045.896047,98048,-0.06958332657814026
1681318047.094688,98560,-0.05847616866230965
1681318047.670628,98816,-0.046559520065784454
1681318048.2955022,99072,-0.03901191055774689
1681318050.398378,99968,-0.001607159967534244
1681318052.295417,100608,0.01607142947614193
1681318052.917535,100864,0.03270237147808075
1681318054.901833,101504,0.017440469935536385
1681318055.611478,101760,0.011904750019311905
1681318056.866959,102272,-0.013345249928534031
1681318058.808984,102784,-0.010107159614562988
1681318061.159782,103552,-0.035071440041065216
1681318061.4914932,103680,-0.019750000908970833
1681318069.463418,106624,-0.017238110303878784
1681318070.9365902,107136,-0.018880970776081085
1681318081.9468899,111360,-0.029607150703668594
1681318083.540938,112000,-0.0352499894797802
1681318084.1217449,112256,-0.03694048151373863
1681318086.259794,113024,-0.04515479877591133
1681318090.7699032,114816,0.008666680194437504
1681318092.178401,115328,-0.0002380799996899441
1681318094.4776561,116224,-0.020500000566244125
1681318095.267901,116480,-0.009404759854078293
1681318097.4282491,117248,-0.038916658610105515
1681318098.0608141,117504,-0.024499990046024323
1681318102.7019038,119296,0.027571430429816246
1681318103.008613,119424,0.007154770195484161
1681318106.194231,120704,-0.032773811370134354
1681318107.12749,121088,-0.0016785600455477834
1681318110.074446,122240,-0.004595260135829449
1681318111.525999,122752,-0.029047640040516853
1681318113.1618218,123264,-0.02398807927966118
1681318116.405097,124416,0.003642879892140627
1681318116.8769112,124544,0.016369059681892395
1681318118.978548,125312,-0.0027381000109016895
1681318119.333341,125440,-0.009750000201165676
1681318121.01458,126080,-0.003464279929175973
1681318125.4212968,127616,-0.01771428994834423
1681318127.32412,128384,-0.02363095059990883
1681318128.438522,128768,-0.03960714116692543
1681318131.7743208,129920,-0.012380939908325672
1681318135.50322,131328,0.017285700887441635
1681318141.130018,133760,0.026321420446038246
1681318145.8279831,135424,0.017166659235954285
1681318147.67378,136192,-0.02403572015464306
1681318148.673943,136576,-0.012130959890782833
1681318149.3013399,136832,-0.017559530213475227
1681318150.681726,137344,0.015452340245246887
1681318152.767634,138112,0.01869044080376625
1681318154.628474,138752,-0.008047640323638916
1681318158.331894,140032,-0.04513094946742058
1681318160.292688,140800,-0.010226160287857056
1681318161.756001,141312,0.001916700042784214
1681318162.068037,141440,0.005261939950287342
1681318165.702657,142720,0.026285730302333832
1681318167.343452,143360,-0.015559529885649681
1681318179.371383,148096,-0.032583318650722504
1681318181.203957,148608,-0.011726180091500282
1681318181.598774,148736,0.0004404700011946261
1681318182.108693,148864,0.021714279428124428
1681318188.576416,151168,0.000488070014398545
1681318192.6709619,152704,0.017904769629240036
1681318193.0427258,152832,0.03073810040950775
1681318195.116957,153600,0.028952399268746376
1681318197.691073,154496,0.004357149824500084
1681318207.3766751,157824,-0.03588094934821129
1681318208.649714,158080,-0.03566667065024376
1681318212.73134,159360,-0.00020237000717315823
1681318217.0896058,160768,-0.009785699658095837
1681318218.091891,161152,-0.008916660211980343
1681318219.0006368,161536,-0.004666659981012344
1681318225.006052,164096,0.0011071600019931793
1681318226.936639,164864,0.0112976199015975
1681318228.961372,165760,0.003154770005494356
1681318230.699643,166528,-0.028297610580921173
1681318233.9139159,167808,-0.0032976199872791767
1681318235.7159822,168576,0.004892860073596239
1681318236.549042,168960,0.01459525991231203
1681318239.7913659,170368,-0.015404759906232357
1681318240.6586728,170752,0.024523809552192688
1681318241.557545,171136,0.031523801386356354
1681318241.897313,171264,0.034095220267772675
1681318261.68391,177408,-0.022357119247317314
1681318262.69886,177792,-0.00871425960212946
1681318263.748564,178176,0.01997620053589344
1681318264.072662,178304,0.035130951553583145
1681318271.706375,181120,-0.00521430978551507
1681318275.744797,182656,-0.0017380700446665287
1681318276.3698728,182912,0.003488129936158657
1681318277.616394,183424,-0.0075833299197256565
1681318278.992231,183936,0.004392850212752819
1681318280.832474,184448,0.0028571600560098886
1681318291.0909,187648,-0.019464319571852684
1681318291.3792279,187776,-0.04413098841905594
1681318294.548086,189184,-0.06014285981655121
1681318296.861974,190208,-0.01964285969734192
1681318298.00601,190720,0.013880950398743153
1681318298.5703292,190976,-0.0036309598945081234
1681318303.424254,193152,0.012738100253045559
1681318307.680015,195072,0.002511909930035472
1681318308.801103,195584,0.016309520229697227
1681318315.928287,198784,0.02160711959004402
1681318320.5288892,200832,0.016238069161772728
1681318320.809555,200960,0.03972616046667099
1681318325.118965,202880,0.04510711878538132
1681318326.250992,203392,0.0006309400196187198
1681318328.797205,204544,-0.06923806667327881
1681318330.817203,205440,-0.031523801386356354
1681318331.0970502,205568,-0.037499990314245224
1681318334.76643,207232,-0.012583349831402302
1681318337.319207,208384,0.0044285599142313
1681318338.72358,209024,0.02808332070708275
1681318340.140655,209664,0.023297589272260666
1681318341.002388,210048,0.011904750019311905
1681318342.399752,210688,0.011964280158281326
1681318343.253001,211072,0.0021547700744122267
1681318346.6409862,212608,-0.006476180162280798
1681318348.942453,213632,0.037619028240442276
1681318350.920327,214528,0.05180950090289116
1681318353.0213819,215424,0.03410714119672775
1681318356.833762,216576,-0.020761890336871147
1681318358.246284,217088,-0.03214285150170326
1681318358.582869,217216,-0.0297261793166399
1681318358.8978229,217344,-0.019142840057611465
1681318359.514296,217600,-0.008357129991054535
1681318360.436299,217984,-0.02096428908407688
1681318362.630626,218880,0.04676191881299019
1681318365.353282,220032,0.030226189643144608
1681318368.399096,221312,-0.013523819856345654
1681318369.6427789,221824,-0.0059047602117061615
1681318370.234567,222080,-0.006380959879606962
1681318371.208831,222464,-0.014297650195658207
1681318372.7585752,223104,0.01089285034686327
1681318373.652045,223488,0.008630960248410702
1681318373.958368,223616,-0.011785699985921383
1681318374.257748,223744,0.0028928800020366907
1681318380.0414999,226176,0.003666670061647892
1681318382.915263,227328,0.018011929467320442
1681318385.0384681,228096,0.02111905999481678
1681318388.092067,228992,0.024250000715255737
1681318388.407094,229120,0.029333340004086494
1681318391.182722,230272,0.017119040712714195
1681318393.3822248,231168,0.012642829678952694
1681318397.050997,232704,0.04289286956191063
1681318399.856023,233856,0.030428560450673103
1681318401.065583,234368,0.014178560115396976
1681318404.233036,235648,0.036749981343746185
1681318405.438184,236160,0.021178560331463814
1681318408.10288,237312,-0.027273839339613914
1681318412.6661608,238976,0.01610714942216873
1681318413.817801,239360,0.019464299082756042
1681318416.0358012,240128,0.024749990552663803
1681318416.7743201,240384,0.028654759749770164
1681318427.785055,244736,-9.524999768473208e-05
1681318429.6824949,245504,0.02052379958331585
1681318434.488235,247680,-0.023952389135956764
1681318435.04815,247936,-0.022500019520521164
1681318435.659591,248192,-0.05279761925339699
1681318437.3609421,248960,-0.05110716074705124
1681318438.198865,249344,-0.04779762029647827
1681318438.760941,249600,-0.03357141837477684
1681318444.428318,251904,-0.02309524081647396
1681318448.7350788,253696,-0.014333340339362621
1681318449.308963,253952,0.002607139991596341
1681318454.343405,256256,-0.00822617020457983
1681318455.467962,256768,0.007571429945528507
1681318457.792182,257792,-0.014892860315740108
1681318462.6333609,259968,-0.0068809702061116695
1681318464.308207,260736,-0.008928590454161167
1681318471.991765,263808,0.019999990239739418
1681318475.388043,265344,-0.027000030502676964
1681318475.683958,265472,-0.019083350896835327
1681318476.526308,265856,-0.007904769852757454
1681318476.8023129,265984,-0.017821429297327995
1681318477.399195,266240,-0.03552380949258804
1681318477.968296,266496,-0.0373571403324604
1681318479.0826979,267008,-0.01070236973464489
1681318480.2014349,267520,-0.009285720065236092
1681318481.6697001,268160,0.020833289250731468
1681318482.2323651,268416,0.0028332900255918503
1681318486.446762,270336,0.0652381032705307
1681318496.088094,274688,-0.02234523929655552
1681318497.2059252,275200,-0.0011785899987444282
1681318497.767765,275456,-0.019428590312600136
1681318499.186659,276096,-0.008880970068275928
1681318501.744083,277248,0.0003690799931064248
1681318503.984737,278272,-0.0017380700446665287
1681318505.088189,278784,-0.010964279994368553
1681318508.0289521,280064,0.0029880800284445286
1681318508.5910568,280320,0.004821409936994314
1681318509.143219,280576,-0.009309539571404457
1681318509.446037,280704,0.004559500142931938
1681318510.672319,281216,0.0014880599919706583
1681318511.58708,281600,0.02651187963783741
1681318513.94653,282624,-0.027500009164214134
1681318515.0610151,283136,-0.0226785596460104
1681318519.0103302,284928,-0.009154729545116425
1681318520.6988108,285696,-0.014714250341057777
1681318522.118551,286336,-0.013214300386607647
1681318522.3977861,286464,-0.007857169955968857
1681318522.965856,286720,-0.005095260217785835
1681318523.885052,287104,0.002380920108407736
1681318524.445635,287360,-0.016261929646134377
1681318524.996314,287616,-0.015202400274574757
1681318525.274632,287744,-0.0035476400516927242
1681318527.315572,288640,0.02071426995098591
1681318528.176806,289024,0.014714259654283524
1681318529.579883,289664,-0.00011906999861821532
1681318534.9569159,292096,0.0056785698980093
1681318537.7985861,293376,0.0033452699426561594
1681318539.4844182,294144,0.004083360079675913
1681318541.168996,294912,-0.0015714300097897649
1681318542.3105159,295424,0.026499999687075615
1681318542.58476,295552,0.02254761941730976
1681318545.6423008,296960,-0.032190438359975815
1681318545.922354,297088,-0.025773780420422554
1681318550.180183,299008,0.042035721242427826
1681318553.135782,300288,-0.047130949795246124
1681318555.7525818,301440,-0.016107169911265373
1681318560.523492,303616,0.00560713978484273
1681318565.65652,305920,-0.004095240030437708
1681318565.939811,306048,-0.012178570032119751
1681318566.5079072,306304,-0.034226179122924805
1681318569.3213272,307584,0.01070237997919321
1681318570.4372532,308096,0.032178569585084915
1681318575.791054,310528,0.03965473920106888
1681318578.93796,311936,-0.013583309948444366
1681318581.2094452,312960,-0.023607129231095314
1681318583.711715,313728,0.014595230109989643
1681318584.040413,313856,-0.0004047699912916869
1681318584.638688,314112,-0.007535719778388739
1681318585.334852,314368,-0.006166660226881504
1681318590.277581,315008,0.03311906009912491
1681318601.396814,318208,-0.003500009886920452
1681318601.733682,318336,-0.009380949661135674
1681318605.468296,319616,-0.00970236025750637
1681318606.3606431,319872,-0.0012499799486249685
1681318608.301545,320512,0.008904770016670227
1681318612.559554,322304,0.027309510856866837
1681318614.404768,323072,0.02620236948132515
1681318616.427716,323968,0.00882142037153244
1681318617.006169,324224,0.017333319410681725
1681318621.4138281,326144,-0.024821439757943153
1681318622.5695739,326656,0.01792857050895691
1681318623.150096,326912,0.03185715153813362
1681318627.884566,328576,0.02426188997924328
1681318631.6723452,330112,0.02366667054593563
1681318635.35346,331648,-0.005226190201938152
1681318635.644095,331776,-0.008785719983279705
1681318635.9348218,331904,-0.02014286071062088
1681318638.36404,332928,-0.04844050109386444
1681318640.189707,333696,-0.0297261793166399
1681318645.6063879,335872,0.0006904599722474813
1681318647.396767,336640,0.017940450459718704
1681318647.703508,336768,0.010880939662456512
1681318650.1280918,337792,0.02285712957382202
1681318652.15536,338560,-0.013976179994642735
1681318654.038241,339328,0.00620238995179534
1681318655.547342,339968,0.017452359199523926
1681318662.7748559,342912,-0.026976199820637703
1681318663.365367,343168,-0.02180952951312065
1681318664.893558,343808,-0.02495240978896618
1681318666.854877,344448,-0.019595280289649963
1681318671.34833,346112,0.017702380195260048
1681318673.6094358,347008,0.014547630213201046
1681318678.023444,348928,-0.006226180121302605
1681318681.463168,350464,-0.011226199567317963
1681318682.3362482,350848,-0.00445237010717392
1681318686.4147499,352640,0.008154800161719322
1681318686.738644,352768,0.0033214599825441837
1681318687.323321,353024,-0.0031785499304533005
1681318697.405993,357120,0.024749990552663803
1681318697.7120059,357248,0.010607150383293629
1681318698.005924,357376,0.014892860315740108
1681318700.156619,358272,-0.03909524157643318
1681318703.4535239,359680,-0.005238119978457689
1681318708.0275662,361600,-0.02748808078467846
1681318708.919605,361984,-0.014642840251326561
1681318709.543154,362240,-0.0233452208340168
1681318718.509099,366080,0.02284524030983448
1681318722.364544,367744,-0.020404750481247902
1681318724.946149,368896,0.019892890006303787
1681318727.7576268,370048,0.003619049908593297
1681318729.581412,370816,-0.008309559896588326
1681318730.7204401,371328,0.007285689935088158
1681318735.6575842,373504,-0.06279762834310532
1681318736.2370849,373760,-0.04804762825369835
1681318736.521746,373888,-0.03723809868097305
1681318736.8366258,374016,-0.03573809936642647
1681318740.0571048,375424,0.0034285399597138166
1681318745.351158,377728,0.028416689485311508
1681318750.28366,379904,-0.02170238085091114
1681318752.574201,380928,-0.02451190911233425
1681318759.622347,383872,0.010571430437266827
1681318762.4265869,385024,-0.005226240027695894
1681318763.011699,385280,0.0009047299972735345
1681318763.6221042,385536,0.00416663009673357
1681318764.7561312,386048,-0.007166679948568344
1681318765.0396879,386176,-0.005964280106127262
1681318768.173034,387584,-0.016583330929279327
1681318769.167087,387968,0.00459522008895874
1681318771.457535,388992,-0.0016904700314626098
1681318772.3235798,389376,-0.00019048000103794038
1681318774.89429,390528,-0.0011785599635913968
1681318779.222781,392448,0.007238070014864206
1681318780.360914,392960,-0.007214310113340616
1681318780.925844,393216,0.006130930036306381
1681318785.301808,395136,0.01657146029174328
1681318789.1203892,396800,0.05457140877842903
1681318795.794501,399744,0.00027381000109016895
1681318800.2352982,401664,0.03395240008831024
1681318800.516553,401792,0.03653573989868164
1681318802.50277,402688,0.05863098055124283
1681318803.951738,403328,0.026666680350899696
1681318805.4053571,403968,-0.008940470404922962
1681318806.559716,404480,-0.02478571981191635
1681318807.130999,404736,-0.024869060143828392
1681318811.707504,406784,-0.010999999940395355
1681318814.871519,408192,-0.04549999162554741
1681318817.0046148,409088,-0.010166659951210022
1681318817.2988942,409216,0.0037499999161809683
1681318819.3056252,410112,-0.0021904800087213516
1681318820.161686,410496,0.004035720136016607
1681318827.1780648,413568,-0.015738079324364662
1681318828.06899,413952,-0.0014166600303724408
1681318830.1025841,414848,0.011952370405197144
1681318830.971798,415232,0.0024642799980938435
1681318831.254648,415360,0.005583339836448431
1681318831.819749,415616,0.0027381000109016895
1681318832.1041322,415744,-0.0010833300184458494
1681318837.896467,418304,0.014238099567592144
1681318839.320361,418944,0.01636905036866665
1681318842.049553,420096,-0.011440490372478962
1681318842.622127,420352,0.013749980367720127
1681318848.983608,423168,-0.023821430280804634
1681318851.283298,424192,0.011642850004136562
1681318855.293925,425984,-0.027976149693131447
1681318855.572855,426112,-0.03455948829650879
1681318857.0046961,426752,0.0151666896417737
1681318858.436,427392,-0.004154750145971775
1681318860.435555,428288,-0.023488109931349754
1681318869.713372,432000,0.010642839595675468
1681318870.2934039,432256,5.950999911874533e-05
1681318870.893889,432512,0.006976179778575897
1681318873.1970508,433536,0.00439288979396224
1681318878.1115232,435712,0.037964288145303726
1681318879.549163,436352,0.003273820038884878
1681318885.9686348,439168,-0.026059530675411224
1681318886.8467488,439552,-0.03251190856099129
1681318888.317714,440192,-0.030214279890060425
1681318890.3328881,441088,0.011761910282075405
1681318891.503082,441600,0.049130938947200775
1681318892.078221,441856,0.03898809105157852
1681318894.536633,442624,0.023452380672097206
1681318894.943286,442752,0.033142849802970886
1681318897.317992,443520,0.004500010050833225
1681318899.738731,444416,-0.0169166699051857
1681318901.661298,445184,-0.013642840087413788
1681318902.594413,445568,-0.039333321154117584
1681318908.5461051,447744,0.0011190699879080057
1681318909.1230311,448000,0.007416679989546537
1681318912.07871,449280,-0.019619060680270195
1681318912.949249,449664,-0.0031547900289297104
1681318914.967169,450560,0.03427378833293915
1681318919.594311,452608,0.001654759980738163
1681318920.184722,452864,0.0166428592056036
1681318922.18466,453632,0.008285709656774998
1681318923.642668,454144,-0.010880939662456512
1681318924.2359412,454400,-0.020619040355086327
1681318928.629549,456192,0.0062618800438940525
1681318933.47459,458368,0.010261910036206245
1681318936.916069,459904,0.02171432040631771
1681318939.261666,460928,-0.0002023599954554811
1681318945.626241,463232,0.06803564727306366
1681318946.283648,463488,0.09191662073135376
1681318946.9075909,463744,0.08336901664733887
1681318947.916984,464128,0.06659524142742157
1681318948.80125,464512,0.0609285794198513
1681318954.329083,466688,0.01444047037512064
1681318958.0616698,468096,-0.003547630039975047
1681318958.4811342,468224,-0.004619060084223747
1681318962.754082,469888,-0.027000010013580322
1681318971.965096,473728,-0.0237262099981308
1681318972.545111,473984,-0.041809529066085815
1681318980.8983738,477056,-0.0007856899756006896
1681318982.195939,477568,0.0014285700162872672
1681318982.798968,477824,-0.01283332984894514
1681318984.945447,478592,0.012892859987914562
1681318986.0272708,478976,0.0209523793309927
1681318986.7781062,479232,0.027452370151877403
1681318990.0025501,480384,-0.03959526866674423
1681318992.166917,481280,-0.035940468311309814
1681318996.005636,482944,-0.00553571991622448
1681318998.4806411,483968,0.009035719558596611
1681319002.8812852,485632,0.009559529833495617
1681319004.244979,485888,0.00022620000527240336
1681319005.228637,486272,-0.01045238971710205
1681319008.740364,487808,-0.024083329364657402
1681319009.909336,488320,-0.03996429964900017
1681319011.40681,488960,-0.0014404800022020936
1681319011.9800498,489216,0.02426188997924328
1681319014.90159,490496,-0.024821430444717407
1681319016.051317,491008,-0.023845240473747253
1681319019.8161962,492672,0.0015476200496777892
1681319024.416415,494720,-0.0024761599488556385
1681319025.8786938,495360,-0.022940460592508316
1681319027.8946078,496256,0.004678559955209494
1681319035.151231,499456,0.01660712994635105
1681319035.4400089,499584,0.01791664958000183
1681319037.830036,500608,-0.0185238104313612
1681319040.753391,501888,-0.005273790098726749
1681319043.06239,502912,-0.017833320423960686
1681319045.077415,503808,-0.011416629888117313
1681319046.289087,504320,-0.009452340193092823
1681319049.4618082,505728,0.022428570315241814
1681319051.1876302,506496,0.022892849519848824
1681319052.889505,507264,0.03348806872963905
1681319059.322973,510080,-0.053261879831552505
1681319062.52113,511488,-0.049452368170022964
1681319064.005445,512128,-0.0408928208053112
1681319066.61312,513280,0.02150001935660839
1681319066.94857,513408,0.02308334968984127
1681319070.21939,514816,-0.003107160096988082
1681319070.505711,514944,-0.006535729859024286
1681319074.5406542,516352,0.005833330098539591
1681319075.461301,516736,0.02852381020784378
1681319077.56796,517632,0.007226170040667057
1681319078.468543,518016,0.0006309400196187198
1681319078.767243,518144,-0.01809524931013584
1681319079.05496,518272,-0.0032500100787729025
1681319092.166872,524032,0.012380939908325672
1681319093.6321878,524672,-0.01678570918738842
1681319093.9199018,524800,-0.026297610253095627
1681319096.811321,526080,0.008107139728963375
1681319117.912148,535424,-0.013559550046920776
1681319121.036916,536832,-0.02691666968166828
1681319121.324912,536960,-0.021404769271612167
1681319121.895467,537216,-0.014619040302932262
1681319122.474947,537472,-0.010178569704294205
1681319123.3662531,537856,-0.0013690299820154905
1681319123.6523771,537984,0.014309540390968323
1681319124.229078,538240,0.02644048072397709
1681319130.962529,541184,0.04545237123966217
1681319132.4672818,541824,0.01444047037512064
1681319133.345361,542208,0.030714290216565132
1681319135.8835158,543232,0.01263097021728754
1681319140.328029,544640,0.023940449580550194
1681319143.04145,545792,0.007214279845356941
1681319143.943406,546176,-0.018369050696492195
1681319144.238635,546304,-0.02235713042318821
1681319149.1073449,548224,0.020023809745907784
1681319155.267313,550272,-0.0032261800952255726
1681319156.983073,551040,-0.009404749609529972
1681319158.163876,551552,-0.01608332060277462
1681319160.754072,552704,-0.024666670709848404
1681319161.341077,552960,-0.055678579956293106
1681319163.8601868,554112,-0.021357160061597824
1681319164.994553,554624,-0.008809530176222324
1681319166.7127821,555392,-0.07283329963684082
1681319168.206243,556032,-0.028333300724625587
1681319174.4465978,558848,-0.06910713016986847
1681319175.583991,559360,-0.03342856094241142
1681319178.084511,560512,-0.005464289803057909
1681319182.273355,562432,0.003654720028862357
1681319184.2480152,563328,-0.019059520214796066
1681319185.9198139,564096,-0.03204759955406189
1681319187.030654,564608,0.004416659940034151
1681319187.3123798,564736,0.013773789629340172
1681319192.79291,567168,0.019857149571180344
1681319193.129981,567296,0.021154770627617836
1681319193.69951,567552,0.018166670575737953
1681319195.397055,568320,-0.014880949631333351
1681319196.2433128,568704,-0.03422620892524719
1681319204.573451,572160,0.030309509485960007
1681319206.512102,572928,0.021857120096683502
1681319207.7440069,573440,0.008333300240337849
1681319208.665117,573824,-0.005345259793102741
1681319211.255264,574848,0.019785689190030098
1681319211.8353941,575104,0.03065473958849907
1681319216.838774,577280,0.011690470390021801
1681319217.293271,577408,0.026630930602550507
1681319223.2352881,579840,0.011976170353591442
1681319223.51902,579968,0.017226170748472214
1681319224.374432,580352,0.005511910188943148
1681319227.157712,581504,0.001523840008303523
1681319229.470979,582528,0.03048812970519066
1681319230.03992,582784,0.02107146941125393
1681319230.3295732,582912,0.007833370007574558
1681319234.6197388,584832,0.028654739260673523
1681319237.518656,586112,-0.016761910170316696
1681319238.372517,586496,0.006988089997321367
1681319241.831402,587904,0.020749999210238457
1681319242.939511,588288,0.021952399984002113
1681319243.750391,588544,0.0021785800345242023
1681319244.39496,588800,-0.0037738000974059105
1681319248.497569,590336,0.04978569969534874
1681319253.416681,592512,0.031047649681568146
1681319257.6389272,594432,-0.026309490203857422
1681319259.5477571,595200,-0.018845200538635254
1681319261.817012,596096,-0.003404740011319518
1681319264.678119,597120,0.017130980268120766
1681319265.825514,597632,0.008571449667215347
1681319267.8680708,598528,0.04655953124165535
1681319268.1541162,598656,0.031654760241508484
1681319268.432929,598784,0.029880959540605545
1681319271.297717,600064,-0.015559510327875614
1681319279.693408,603392,-0.006988080218434334
1681319281.1178591,604032,0.004107169806957245
1681319286.047463,606080,-0.017821449786424637
1681319287.4815428,606720,-0.0209405105561018
1681319289.190177,607488,-0.006083359941840172
1681319290.378319,608000,0.010857120156288147
1681319290.714855,608128,0.017404740676283836
1681319293.5069299,609152,-0.027249980717897415
1681319294.461597,609536,-0.0129642803221941
1681319294.802115,609664,-0.031404759734869
1681319295.3792331,609920,-0.03748809173703194
1681319296.2934232,610304,-0.009428570047020912
1681319298.841782,611456,-0.01708333007991314
1681319299.990335,611968,-0.030630940571427345
1681319301.1673331,612480,0.007928580045700073
1681319302.0393999,612864,-0.004988099914044142
1681319302.325506,612992,-0.01277380995452404
1681319304.1608052,613760,-0.017345229163765907
1681319305.99263,614528,-0.00301186996512115
1681319306.5898838,614784,-0.016999969258904457
1681319307.5038211,615168,0.0003095399879384786
1681319313.76798,617728,-0.0006428899941965938
1681319319.22315,619648,-0.010261889547109604
1681319323.434987,621184,0.008190469816327095
1681319329.449596,623616,-0.005988089833408594
1681319330.086123,623872,-0.0012499999720603228
1681319334.644605,625920,0.0029523700941354036
1681319335.498223,626304,0.012690460309386253
1681319336.0777879,626560,-0.03369048982858658
1681319336.355436,626688,-0.03800002112984657
1681319342.4560099,629120,0.018071439117193222
1681319350.1095018,632192,0.007250010035932064
1681319351.0722198,632576,0.0139166796579957
1681319355.242562,634240,-0.005369009915739298
1681319357.878502,635264,0.015595230273902416
1681319360.766764,636416,0.018369050696492195
1681319361.7378628,636800,0.004857160151004791
1681319362.413792,637056,-0.009130939841270447
1681319362.7509818,637184,-0.020535709336400032
1681319367.3595939,638976,0.0391666516661644
1681319369.984277,640000,-0.01240472961217165
1681319378.262982,642816,-0.0011309500550851226
1681319380.8113961,643584,-0.0006785800214856863
1681319381.947427,643968,-0.0008452599868178368
1681319384.248621,644864,-0.06640476733446121
1681319388.552565,646528,-0.018416650593280792
1681319389.438895,646784,-0.012452379800379276
1681319389.903709,646912,-0.002202379982918501
1681319392.337538,647808,-0.021130939945578575
1681319398.474192,650112,-0.018988100811839104
1681319403.920884,652160,0.04178573936223984
1681319406.2240481,653056,-0.007154759950935841
1681319407.865252,653696,-0.04060715064406395
1681319408.1845918,653824,-0.052369050681591034
1681319410.190351,654592,-0.016559509560465813
1681319414.590914,656256,-0.020630959421396255
1681319415.25606,656512,-0.016285710036754608
1681319417.221015,657280,-0.027035709470510483
1681319425.775072,660608,-0.008083329536020756
1681319427.385243,661248,-1.1899999663000926e-05
1681319431.616874,662912,0.0435476116836071
1681319432.95772,663424,-0.0008809699793346226
1681319438.818319,665728,0.015630919486284256
1681319441.860506,666752,-0.040249988436698914
1681319451.219156,669696,-0.019619040191173553
1681319452.438755,670080,-0.05003570020198822
1681319452.848864,670208,-0.04113094136118889
1681319454.4339058,670720,-0.0507499985396862
1681319454.772404,670848,-0.03583332896232605
1681319456.170037,671360,-0.012547619640827179
1681319464.7218702,674176,-0.011559490114450455
1681319472.95744,677120,0.02022619917988777
1681319477.596343,678784,-0.06534525007009506
1681319483.4236941,680832,0.016999980434775352
1681319487.479085,682240,0.005809510126709938
1681319494.2141252,684288,-0.02345236949622631
1681319495.222728,684672,0.0006785899749957025
1681319498.637311,686080,-0.0036547600757330656
1681319498.947207,686208,-0.014071430079638958
1681319499.872829,686592,-0.004357160069048405
1681319505.6713972,688768,-0.030023809522390366
1681319507.0918012,689280,-0.019749969244003296
1681319513.958455,691840,-0.036404769867658615
1681319514.613153,692096,-0.01203572005033493
1681319519.4067929,693888,-0.008047630079090595
1681319521.229747,694528,-0.017142880707979202
1681319526.211066,696320,0.005190450232475996
1681319526.540343,696448,0.006952350027859211
1681319527.17743,696704,-0.0026071500033140182
1681319529.069088,697344,-0.0320238396525383
1681319538.287135,700928,-0.012226230464875698
1681319541.4875689,702080,-0.006750029977411032
1681319543.839509,702976,0.00013092999870423228
1681319545.181341,703488,-0.0032619000412523746
1681319547.1593359,704256,0.014571400359272957
1681319549.7227259,705024,0.01905949041247368
1681319551.426353,705664,0.04755951091647148
1681319552.45484,706048,0.008202379569411278
1681319553.1151319,706304,0.014238090254366398
1681319558.154995,708224,-0.014226170256733894
1681319561.1879091,709376,-0.011761889792978764
1681319563.956887,710400,-0.0301190298050642
1681319570.434199,712576,0.006166649982333183
1681319572.322669,713216,0.019000010564923286
1681319572.991436,713472,0.0015595400473102927
1681319577.165313,715008,-0.036107130348682404
1681319577.817805,715264,-0.018190469592809677
1681319579.8554251,716032,-0.023559510707855225
1681319583.805516,717568,-0.00857143010944128
1681319585.505971,718208,0.0032023899257183075
1681319589.2615428,719488,0.0038095300551503897
1681319592.8498719,720768,-0.01836906000971794
1681319593.5698261,721024,-0.006369059905409813
1681319599.949941,722944,-0.021607140079140663
1681319604.234901,724352,-0.028499990701675415
1681319605.072053,724608,-0.033833328634500504
1681319606.615278,725120,-0.01351188961416483
1681319611.044532,726656,-0.03989284858107567
1681319612.339502,727040,-0.03985714912414551
1681319627.097852,732288,-0.032357148826122284
1681319628.093361,732672,-0.0009881099686026573
1681319629.8287418,733184,-0.008452399633824825
1681319635.358916,734976,-0.026107119396328926
1681319639.66221,736384,0.018130939453840256
1681319642.5460212,737280,0.01430950965732336
1681319645.0023098,738176,0.013559510000050068
1681319649.038896,739456,-0.001142860040999949
1681319649.949654,739840,-0.008190480060875416
1681319651.414714,740480,-0.022988079115748405
1681319653.002008,741120,-0.007011889945715666
1681319654.9265559,741888,-0.0056785698980093
1681319659.247514,743424,0.011345259845256805
1681319659.529525,743552,0.016678590327501297
1681319664.343339,745728,0.024654770269989967
1681319665.196109,746112,0.038440488278865814
1681319667.231919,747008,0.017976200208067894
1681319670.636208,748544,-0.008333340287208557
1681319674.9259012,750464,0.03798811882734299
1681319675.4907572,750720,0.04705953970551491
1681319677.965824,751616,0.012988099828362465
1681319681.626668,752896,-0.019892850890755653
1681319684.529888,753920,-0.038678549230098724
1681319685.1900318,754176,-0.006154750008136034
1681319685.8613088,754432,-0.0024285800755023956
1681319687.2925062,755072,-0.011761919595301151
1681319689.93298,756224,-0.011416659690439701
1681319692.8878841,757504,0.031000010669231415
1681319693.17871,757632,0.011952400207519531
1681319696.060952,758912,0.027095260098576546
1681319697.384377,759424,0.024392850697040558
1681319697.758522,759552,0.03159521892666817
1681319704.321676,761984,-0.021654760465025902
1681319706.270247,762624,-0.005285719875246286
1681319706.869308,762880,-0.012559520080685616
1681319708.057321,763392,0.0252142995595932
1681319710.7263649,764544,0.06620237976312637
1681319716.50272,766848,-0.042238108813762665
1681319722.6979,769408,-0.015333360061049461
1681319724.178184,770048,-0.0104762502014637
1681319726.958807,771200,-0.009404770098626614
1681319728.758354,771968,-0.039642851799726486
1681319729.050333,772096,-0.020261889323592186
1681319729.337433,772224,-0.02748808078467846
1681319730.213679,772608,-0.03004761040210724
1681319731.07875,772992,-0.03474998101592064
1681319735.267359,774784,-0.007535709999501705
1681319737.626793,775808,-0.0020000298973172903
1681319742.841068,777984,0.036083340644836426
1681319743.133672,778112,0.030500009655952454
1681319744.802668,778624,0.002071470022201538
1681319746.578219,779264,-0.01682139001786709
1681319749.089813,780160,-0.04428571090102196
1681319752.5581388,781312,-0.0015476299449801445
1681319753.362255,781568,-0.0013809700030833483
1681319757.021451,782848,0.016880929470062256
1681319759.2718341,783616,-0.010416669771075249
1681319759.9042718,783872,-0.0155833400785923
1681319761.992604,784640,-0.043714288622140884
1681319762.680683,784896,-0.04019049182534218
1681319763.380787,785152,-0.046880971640348434
1681319767.772991,786688,0.04664286971092224
1681319768.490837,786944,0.04960715025663376
1681319769.1431549,787200,0.025845259428024292
1681319777.3267,790144,0.038892850279808044
1681319778.581586,790656,0.023916669189929962
1681319780.126924,791296,0.0130833201110363
1681319781.143389,791680,-0.011940490454435349
1681319786.646862,793728,0.00799999013543129
1681319790.005141,795008,-0.021797610446810722
1681319790.3332531,795136,-0.031047599390149117
1681319790.978809,795392,-0.04176187142729759
1681319793.0479848,796160,-0.04311899095773697
1681319795.0426052,796928,-0.012952360324561596
1681319797.243906,797824,-0.008059539832174778
1681319798.780342,798464,0.02317854017019272
1681319800.997638,799360,-0.018857160583138466
1681319802.910444,800128,-0.028107179328799248
1681319806.962752,801792,-0.004928559996187687
1681319809.264074,802688,0.030857110396027565
1681319815.260276,805120,-0.0005833400064148009
1681319821.7911649,807680,0.03135715052485466
1681319822.7119339,808064,0.033142849802970886
1681319823.95898,808576,0.03332141041755676
1681319824.2584288,808704,0.03207141160964966
1681319826.405793,809600,0.056119028478860855
1681319834.390482,811776,0.01984523981809616
1681319839.569047,813184,-0.01609526015818119
1681319844.830492,814592,-0.02920239046216011
1681319847.425483,815488,-0.014630950056016445
1681319849.585202,816256,-0.024369049817323685
1681319859.039546,819328,0.04742855951189995
1681319867.388736,822272,0.011952339671552181
1681319875.2612422,825344,-0.0190357007086277
1681319877.770397,826368,-0.00988094974309206
1681319879.0982609,826880,-0.039892878383398056
1681319883.592198,828544,-0.03546430915594101
1681319887.488043,829952,-0.043023791164159775
1681319888.8056672,830464,-0.06501191109418869
1681319891.285076,831488,-0.00472621014341712
1681319891.605692,831616,0.022476179525256157
1681319892.847722,832128,0.010511879809200764
1681319895.697836,833280,-0.05563097074627876
1681319896.005444,833408,-0.06476190686225891
1681319899.1255832,834688,-0.03695236146450043
1681319899.424217,834816,-0.01584520936012268
1681319899.727325,834944,0.0002500200062058866
1681319902.220748,835968,0.012309529818594456
1681319903.6120179,836480,0.0023214400280267
1681319908.727443,838528,-0.03666666895151138
1681319916.173068,841600,-0.01498808991163969
1681319917.429059,842112,-0.004976190160959959
1681319918.032162,842368,-0.019869040697813034
1681319918.3391948,842496,-0.018035709857940674
1681319919.260854,842880,-0.02326189912855625
1681319922.0948951,844032,-0.009095230139791965
1681319922.4148638,844160,0.0018690399592742324
1681319926.4699452,845312,-0.015535719692707062
1681319927.626401,845696,-0.008309540338814259
1681319931.266712,846976,-0.015404780395328999
1681319933.0247118,847616,-0.02513095922768116
1681319947.194249,852224,0.058749981224536896
1681319950.284529,853376,-0.026595240458846092
1681319950.86932,853632,-0.026595240458846092
1681319952.1827068,854144,-0.029238099232316017
1681319953.9838479,854912,0.014619040302932262
1681319955.00945,855296,0.013214279897511005
1681319957.312073,856192,0.05355953052639961
1681319958.3149178,856576,0.050511911511421204
1681319960.428663,857216,0.04430954158306122
1681319961.68505,857600,0.017821459099650383
1681319964.205101,858624,-0.017511870712041855
1681319965.362918,859136,-0.014428580179810524
1681319966.5421078,859648,0.0003333200002089143
1681319969.435773,860928,0.031845249235630035
1681319969.7285728,861056,0.028666669502854347
1681319973.256216,862592,-0.03838092088699341
1681319974.393827,863104,-0.025416679680347443
1681319976.491755,864000,0.01452380046248436
1681319977.675379,864512,0.01748809963464737
1681319980.877878,865920,-0.028928589075803757
1681319984.37008,867456,0.017833320423960686
1681319989.073112,869504,-0.00044048999552614987
1681319995.2970922,872192,-0.03678572177886963
1681319996.448668,872704,-0.03716665878891945
1681320000.869438,874624,0.00642857002094388
1681320003.228598,875648,-0.05667857080698013
1681320004.9590988,876416,-0.0059404498897492886
1681320006.236356,876928,-0.012321400456130505
1681320007.4074812,877440,-0.029285719618201256
1681320009.709607,878464,-0.03884527087211609
1681320011.534154,879232,0.005273799877613783
1681320011.834666,879360,-0.0029762000776827335
1681320016.917804,881536,0.006940459832549095
1681320019.029691,882432,0.00019048000103794038
1681320019.63712,882688,0.003619049908593297
1681320021.373002,883456,0.02734523080289364
1681320023.818586,884480,0.050892800092697144
1681320024.9327612,884864,0.07151184976100922
1681320026.176307,885376,0.04970233142375946
1681320029.1388931,886656,0.03214285150170326
1681320031.437939,887680,0.015547609888017178
1681320032.340168,888064,0.03817854821681976
1681320036.477252,889856,0.022464299574494362
1681320037.675827,890368,0.02573809027671814
1681320040.1206982,891392,-0.013309529982507229
1681320040.9869251,891776,-0.020988110452890396
1681320042.746486,892544,-0.02113094925880432
1681320047.958098,894848,0.014285719953477383
1681320048.5440571,895104,-0.005071400199085474
1681320053.781316,897408,0.050119079649448395
1681320054.974665,897920,0.019023839384317398
1681320055.9493241,898304,0.026773830875754356
1681320060.3822489,900224,-0.008654779754579067
1681320061.431759,900608,0.014976180158555508
1681320062.6818008,901120,-0.005904740188270807
1681320064.850847,902016,-0.014749989844858646
1681320069.304182,903680,-0.027726199477910995
1681320071.485524,904448,-0.029678579419851303
1681320075.76253,906240,-0.0034762199502438307
1681320079.7843578,907776,-0.005309519823640585
1681320082.900568,908672,0.025214290246367455
1681320085.765292,909696,0.023333340883255005
1681320088.424855,910720,0.025130929425358772
1681320088.745457,910848,0.02571425959467888
1681320090.261708,911488,0.0035238100681453943
1681320091.7325618,912000,0.021119030192494392
1681320096.690332,913664,0.016666660085320473
1681320097.8457952,914176,0.02238091081380844
1681320102.378109,915968,0.0033690601121634245
1681320105.81112,917504,0.03858334943652153
1681320106.09449,917632,0.03886904940009117
1681320108.221575,918528,-0.008119040168821812
1681320110.694187,919552,0.019821450114250183
1681320113.133201,920320,0.016583340242505074
1681320115.084834,921088,0.009190459735691547
1681320117.48499,921984,-0.029261920601129532
1681320118.095516,922240,-0.026500020176172256
1681320121.45122,923392,-0.014797599986195564
1681320122.376917,923648,0.005047639831900597
1681320122.7609448,923776,0.002809559926390648
1681320129.031114,926208,0.0009285800042562187
1681320130.101695,926592,-0.008011899888515472
1681320133.493838,927744,-0.07282140851020813
1681320138.006679,929408,-0.03655952960252762
1681320142.0973701,930816,-0.023619050160050392
1681320143.351041,931200,-0.017726190388202667
1681320147.197943,932480,0.006226200144737959
1681320152.452656,934528,0.001071410020813346
1681320156.2010791,935936,-0.03177382051944733
1681320157.0564868,936320,-0.021619049832224846
1681320161.452416,938240,-0.049630939960479736
1681320165.196835,939520,-0.034059520810842514
1681320165.6650398,939648,-0.022630950435996056
1681320167.122257,940288,-0.021369030699133873
1681320167.419698,940416,-0.02555950917303562
1681320169.100333,941056,-0.021928559988737106
1681320169.6765819,941312,-0.013440459966659546
1681320170.869545,941824,-0.04191666096448898
1681320171.152839,941952,-0.019333330914378166
1681320171.4418151,942080,-0.013416660018265247
1681320177.192041,944000,-0.033142831176519394
1681320179.921632,944896,0.007464290130883455
1681320180.260013,945024,-0.001261899946257472
1681320181.50095,945536,0.0011904799612239003
1681320182.096676,945792,0.0062500000931322575
1681320184.769061,946944,0.015654800459742546
1681320186.0054579,947456,0.0009286199929192662
1681320186.92305,947840,4.7649999032728374e-05
1681320195.126066,951168,0.003535740077495575
1681320195.433671,951296,0.01461905986070633
1681320198.51156,952448,-0.0046309600584208965
1681320199.636718,952832,-0.007357149850577116
1681320201.156818,953344,-0.02178570069372654
1681320202.1906219,953728,-0.04371426999568939
1681320205.874995,955008,-0.03245237097144127
1681320206.35709,955136,-0.03386903926730156
1681320206.8428311,955264,-0.03340476006269455
1681320207.226573,955392,-0.03223808854818344
1681320209.070477,956032,-0.03461907058954239
1681320211.6067562,956800,-0.020500000566244125
1681320213.22846,957312,-0.016392849385738373
1681320213.888265,957568,0.006452410016208887
1681320218.318418,959104,0.00996427983045578
1681320220.2928581,959616,5.951999992248602e-05
1681320222.360794,960384,0.011761900037527084
1681320222.735987,960512,0.009666670113801956
1681320225.690101,961536,0.0447976291179657
1681320227.809949,962304,0.0169166699051857
1681320230.043056,962944,-0.03414285182952881
1681320233.164712,963968,-0.07150000333786011
1681320236.0073369,964864,-0.02617855928838253
1681320240.00687,966144,-0.05854763835668564
1681320246.924746,968448,0.015464279800653458
1681320249.733032,969472,0.012690460309386253
1681320257.513737,972416,-0.03877381980419159
1681320260.3578482,973312,0.003190479939803481
1681320262.313455,974080,0.018357139080762863
1681320263.28208,974464,-0.022940469905734062
1681320272.6845708,978432,0.05024997889995575
1681320272.968538,978560,0.04761902987957001
1681320278.7261498,980608,0.05102381855249405
1681320279.146879,980736,0.03540477901697159
1681320282.533791,982016,0.028095249086618423
1681320283.630702,982400,-0.010714289732277393
1681320284.271412,982656,0.003869019914418459
1681320287.652968,984064,-0.009071409702301025
1681320289.620186,984832,-0.0324285514652729
1681320290.687944,985216,-0.007571420166641474
1681320292.224855,985728,-0.008619030006229877
1681320298.22638,987776,-0.005583339836448431
1681320298.8722649,988032,-0.006154770031571388
1681320299.1508732,988160,0.0025952199939638376
1681320300.6309109,988672,-0.014285700395703316
1681320301.965885,989056,0.006035719998180866
1681320302.7236538,989312,0.002130960114300251
1681320303.734092,989696,-0.013523809611797333
1681320307.216627,991104,0.004154799971729517
1681320308.5659368,991616,-0.011023789644241333
1681320312.248033,993024,-0.03246431052684784
1681320313.296731,993408,-0.022821450605988503
1681320319.470377,995968,0.007845220156013966
1681320321.8225641,996992,-0.02057144045829773
1681320325.6188521,998272,0.02358333021402359
1681320325.980644,998400,0.036083318293094635
1681320330.0040581,999808,-0.0003452399978414178
1681320330.781077,1000064,-0.008928569965064526
